BinaryCodec.java,org.apache.commons.codec.binary.BinaryCodec,org.pitest.mutationtest.engine.gregor.mutators.ConditionalsBoundaryMutator,toAsciiBytes,232,KILLED,org.apache.commons.codec.binary.BinaryCodecBaseTest.[engine:junit-jupiter]/[class:org.apache.commons.codec.binary.BinaryCodecBaseTest]/[method:testToAsciiBytesWithSingleByte()]
BinaryCodec.java,org.apache.commons.codec.binary.BinaryCodec,org.pitest.mutationtest.engine.gregor.mutators.ConditionalsBoundaryMutator,toAsciiBytes,233,KILLED,org.apache.commons.codec.binary.BinaryCodecBaseTest.[engine:junit-jupiter]/[class:org.apache.commons.codec.binary.BinaryCodecBaseTest]/[method:testToAsciiBytesWithSingleByte()]
BinaryCodec.java,org.apache.commons.codec.binary.BinaryCodec,org.pitest.mutationtest.engine.gregor.mutators.IncrementsMutator,toAsciiBytes,232,KILLED,org.apache.commons.codec.binary.BinaryCodecBaseTest.[engine:junit-jupiter]/[class:org.apache.commons.codec.binary.BinaryCodecBaseTest]/[method:testToAsciiBytesWithSingleByte()]
BinaryCodec.java,org.apache.commons.codec.binary.BinaryCodec,org.pitest.mutationtest.engine.gregor.mutators.IncrementsMutator,toAsciiBytes,232,KILLED,org.apache.commons.codec.binary.BinaryCodecBaseTest.[engine:junit-jupiter]/[class:org.apache.commons.codec.binary.BinaryCodecBaseTest]/[method:testToAsciiBytesWithMultipleBytes()]
BinaryCodec.java,org.apache.commons.codec.binary.BinaryCodec,org.pitest.mutationtest.engine.gregor.mutators.MathMutator,toAsciiBytes,227,KILLED,org.apache.commons.codec.binary.BinaryCodecBaseTest.[engine:junit-jupiter]/[class:org.apache.commons.codec.binary.BinaryCodecBaseTest]/[method:testToAsciiBytesWithSingleByte()]
BinaryCodec.java,org.apache.commons.codec.binary.BinaryCodec,org.pitest.mutationtest.engine.gregor.mutators.MathMutator,toAsciiBytes,232,KILLED,org.apache.commons.codec.binary.BinaryCodecBaseTest.[engine:junit-jupiter]/[class:org.apache.commons.codec.binary.BinaryCodecBaseTest]/[method:testToAsciiBytesWithSingleByte()]
BinaryCodec.java,org.apache.commons.codec.binary.BinaryCodec,org.pitest.mutationtest.engine.gregor.mutators.MathMutator,toAsciiBytes,234,SURVIVED,none
BinaryCodec.java,org.apache.commons.codec.binary.BinaryCodec,org.pitest.mutationtest.engine.gregor.mutators.MathMutator,toAsciiBytes,235,KILLED,org.apache.commons.codec.binary.BinaryCodecBaseTest.[engine:junit-jupiter]/[class:org.apache.commons.codec.binary.BinaryCodecBaseTest]/[method:testToAsciiBytesWithSingleByte()]
BinaryCodec.java,org.apache.commons.codec.binary.BinaryCodec,org.pitest.mutationtest.engine.gregor.mutators.MathMutator,toAsciiBytes,237,KILLED,org.apache.commons.codec.binary.BinaryCodecBaseTest.[engine:junit-jupiter]/[class:org.apache.commons.codec.binary.BinaryCodecBaseTest]/[method:testToAsciiBytesWithMultipleBytes()]
BinaryCodec.java,org.apache.commons.codec.binary.BinaryCodec,org.pitest.mutationtest.engine.gregor.mutators.NegateConditionalsMutator,toAsciiBytes,223,KILLED,org.apache.commons.codec.binary.BinaryCodecBaseTest.[engine:junit-jupiter]/[class:org.apache.commons.codec.binary.BinaryCodecBaseTest]/[method:testToAsciiBytesWithNullInput()]
BinaryCodec.java,org.apache.commons.codec.binary.BinaryCodec,org.pitest.mutationtest.engine.gregor.mutators.NegateConditionalsMutator,toAsciiBytes,223,SURVIVED,none
BinaryCodec.java,org.apache.commons.codec.binary.BinaryCodec,org.pitest.mutationtest.engine.gregor.mutators.NegateConditionalsMutator,toAsciiBytes,232,SURVIVED,none
BinaryCodec.java,org.apache.commons.codec.binary.BinaryCodec,org.pitest.mutationtest.engine.gregor.mutators.NegateConditionalsMutator,toAsciiBytes,233,SURVIVED,none
BinaryCodec.java,org.apache.commons.codec.binary.BinaryCodec,org.pitest.mutationtest.engine.gregor.mutators.NegateConditionalsMutator,toAsciiBytes,234,SURVIVED,none
BinaryCodec.java,org.apache.commons.codec.binary.BinaryCodec,org.pitest.mutationtest.engine.gregor.mutators.returns.NullReturnValsMutator,toAsciiBytes,224,KILLED,org.apache.commons.codec.binary.BinaryCodecBaseTest.[engine:junit-jupiter]/[class:org.apache.commons.codec.binary.BinaryCodecBaseTest]/[method:testToAsciiBytesWithNullInput()]
BinaryCodec.java,org.apache.commons.codec.binary.BinaryCodec,org.pitest.mutationtest.engine.gregor.mutators.returns.NullReturnValsMutator,toAsciiBytes,241,KILLED,org.apache.commons.codec.binary.BinaryCodecBaseTest.[engine:junit-jupiter]/[class:org.apache.commons.codec.binary.BinaryCodecBaseTest]/[method:testToAsciiBytesWithSingleByte()]
